Label,# Samples,Average,Min,Max,Std. Dev.,Error %,Throughput,Received KB/sec,Sent KB/sec,Avg. Bytes
GET AUTH,100,2112,1199,3616,626.83,24.000%,18.39250,20.19,5.24,1124.0
USERS_TR_ADDUSER - 2,1,434,434,434,0.00,0.000%,2.30415,2.87,1.15,1277.0
USERS_TR_ADDUSER - 5,1,485,485,485,0.00,0.000%,2.05761,2.56,1.02,1276.0
USERS_TR_ADDUSER - 4,1,455,455,455,0.00,0.000%,2.19298,2.73,1.09,1277.0
USERS_TR_ADDUSER - 1,1,467,467,467,0.00,0.000%,2.13675,2.66,1.07,1277.0
USERS_TR_ADDUSER - 3,1,456,456,456,0.00,0.000%,2.18818,2.73,1.09,1277.0
USERS_TR_ADDUSER - 6,1,435,435,435,0.00,0.000%,2.29885,2.87,1.15,1277.0
USERS_TR_GETUSERPROFILE - 2,1,301,301,301,0.00,0.000%,3.24675,2.77,1.60,873.0
USERS_TR_GETUSERPROFILE - 5,1,426,426,426,0.00,0.000%,2.34742,2.00,1.16,872.0
USERS_TR_GETUSERPROFILE - 1,1,585,585,585,0.00,0.000%,1.70940,1.46,0.84,873.0
USERS_TR_GETUSERPROFILE - 6,1,567,567,567,0.00,0.000%,1.76367,1.50,0.87,873.0
USERS_TR_ADDUSER - 12,1,597,597,597,0.00,0.000%,1.62338,2.03,0.81,1278.0
USERS_TR_GETUSERPROFILE - 4,1,587,587,587,0.00,0.000%,1.70358,1.45,0.84,873.0
USERS_TR_ADDUSER - 10,1,597,597,597,0.00,0.000%,1.57729,1.97,0.79,1278.0
USERS_TR_ADDUSER - 13,1,599,599,599,0.00,0.000%,1.57233,1.96,0.79,1278.0
USERS_TR_GETUSERPROFILE - 3,1,688,688,688,0.00,0.000%,1.45349,1.24,0.72,873.0
USERS_TR_ADDUSER - 14,1,716,716,716,0.00,0.000%,1.36426,1.70,0.68,1278.0
USERS_TR_ADDUSER - 9,1,723,723,723,0.00,0.000%,1.38313,1.72,0.69,1277.0
USERS_TR_ADDUSER - 8,1,723,723,723,0.00,0.000%,1.38313,1.72,0.69,1277.0
USERS_TR_ADDUSER - 16,1,727,727,727,0.00,0.000%,1.37552,1.72,0.69,1277.0
USERS_TR_ADDUSER - 20,1,717,717,717,0.00,0.000%,1.28535,1.60,0.64,1278.0
USERS_TR_ADDUSER - 24,1,697,697,697,0.00,0.000%,1.41044,1.76,0.70,1277.0
USERS_TR_ADDUSER - 15,1,720,720,720,0.00,0.000%,1.30890,1.63,0.65,1278.0
USERS_TR_ADDUSER - 19,1,721,721,721,0.00,0.000%,1.29870,1.62,0.65,1278.0
USERS_TR_ADDUSER - 11,1,754,754,754,0.00,0.000%,1.26103,1.57,0.63,1278.0
USERS_TR_ADDUSER - 17,1,756,756,756,0.00,0.000%,1.22850,1.53,0.61,1278.0
USERS_TR_ADDUSER - 34,1,463,463,463,0.00,0.000%,2.13675,2.64,1.06,1267.0
USERS_TR_ADDUSER - 35,1,467,467,467,0.00,0.000%,2.14133,2.65,1.07,1269.0
USERS_TR_ADDUSER - 38,1,471,471,471,0.00,0.000%,2.10970,2.61,1.05,1269.0
USERS_TR_ADDUSER - 29,1,466,466,466,0.00,0.000%,2.12766,2.64,1.06,1269.0
USERS_TR_ADDUSER - 25,1,899,899,899,0.00,0.000%,1.11111,1.39,0.55,1277.0
USERS_TR_ADDUSER - 18,1,975,975,975,0.00,0.000%,.96618,1.21,0.48,1278.0
USERS_TR_ADDUSER - 7,1,977,977,977,0.00,0.000%,.96805,1.21,0.48,1278.0
USERS_TR_ADDUSER - 22,1,901,901,901,0.00,0.000%,1.10988,1.38,0.55,1277.0
USERS_TR_ADDUSER - 28,1,421,421,421,0.00,0.000%,2.35849,2.93,1.18,1270.0
USERS_TR_ADDUSER - 33,1,460,460,460,0.00,0.000%,2.16920,2.69,1.08,1269.0
USERS_TR_UPDATEUSER - 4,1,474,474,474,0.00,0.000%,2.10970,1.78,1.52,866.0
USERS_TR_GETUSERPROFILE - 13,1,481,481,481,0.00,0.000%,2.07469,1.75,1.02,866.0
USERS_TR_ADDUSER - 37,1,486,486,486,0.00,0.000%,2.05339,2.54,1.02,1268.0
USERS_TR_GETUSERPROFILE - 12,1,980,980,980,0.00,0.000%,1.01937,0.86,0.50,866.0
USERS_TR_GETUSERPROFILE - 10,1,978,978,978,0.00,0.000%,1.02041,0.86,0.50,866.0
USERS_TR_UPDATEUSER - 6,1,982,982,982,0.00,0.000%,1.01729,0.86,0.74,866.0
USERS_TR_UPDATEUSER - 2,1,1337,1337,1337,0.00,0.000%,.74794,0.63,0.54,866.0
USERS_TR_UPDATEUSER - 5,1,1193,1193,1193,0.00,0.000%,.83542,0.71,0.60,866.0
USERS_TR_ADDUSER - 40,1,1181,1181,1181,0.00,0.000%,.84602,1.05,0.42,1269.0
USERS_TR_UPDATEUSER - 1,1,1135,1135,1135,0.00,0.000%,.88106,0.75,0.64,866.0
USERS_TR_GETUSERPROFILE - 24,1,1009,1009,1009,0.00,0.000%,.99010,0.84,0.49,865.0
USERS_TR_GETUSERPROFILE - 16,1,1014,1014,1014,0.00,0.000%,.98619,0.83,0.49,865.0
USERS_TR_GETUSERPROFILE - 9,1,1014,1014,1014,0.00,0.000%,.98522,0.83,0.49,865.0
USERS_TR_GETUSERPROFILE - 11,1,976,976,976,0.00,0.000%,1.02459,0.87,0.51,866.0
USERS_TR_GETUSERPROFILE - 38,1,874,874,874,0.00,0.000%,1.14416,0.97,0.56,865.0
USERS_TR_GETUSERPROFILE - 25,1,780,780,780,0.00,0.000%,1.28205,1.08,0.63,865.0
USERS_TR_GETUSERPROFILE - 28,1,776,776,776,0.00,0.000%,1.28700,1.09,0.63,866.0
USERS_TR_GETUSERPROFILE - 35,1,929,929,929,0.00,0.000%,1.07643,0.91,0.53,865.0
USERS_TR_GETUSERPROFILE - 14,1,1094,1094,1094,0.00,0.000%,.91324,0.77,0.45,866.0
USERS_TR_GETUSERPROFILE - 34,1,944,944,944,0.00,0.000%,1.05932,0.89,0.52,863.0
USERS_TR_GETUSERPROFILE - 20,1,1111,1111,1111,0.00,0.000%,.90009,0.76,0.44,866.0
USERS_TR_GETUSERPROFILE - 19,1,1108,1108,1108,0.00,0.000%,.90253,0.76,0.45,866.0
USERS_TR_GETUSERPROFILE - 8,1,1114,1114,1114,0.00,0.000%,.89767,0.76,0.44,865.0
USERS_TR_GETUSERPROFILE - 17,1,1073,1073,1073,0.00,0.000%,.93197,0.79,0.46,866.0
USERS_TR_GETUSERPROFILE - 7,1,853,853,853,0.00,0.000%,1.17233,0.99,0.58,866.0
USERS_TR_GETUSERPROFILE - 18,1,852,852,852,0.00,0.000%,1.17233,0.99,0.58,866.0
USERS_TR_GETUSERPROFILE - 22,1,852,852,852,0.00,0.000%,1.17233,0.99,0.58,865.0
USERS_TR_GETUSERPROFILE - 29,1,947,947,947,0.00,0.000%,1.05597,0.89,0.52,865.0
USERS_TR_GETUSERPROFILE - 15,1,1110,1110,1110,0.00,0.000%,.90090,0.76,0.44,866.0
USERS_TR_GETUSERPROFILE - 33,1,820,820,820,0.00,0.000%,1.21951,1.03,0.60,865.0
USERS_TR_ADDUSER - 32,1,1164,1164,1164,0.00,0.000%,.85837,1.06,0.43,1270.0
USERS_TR_GETUSERPROFILE - 37,1,751,751,751,0.00,0.000%,1.33156,1.12,0.66,864.0
USERS_TR_ADDUSER - 39,1,1162,1162,1162,0.00,0.000%,.85985,1.07,0.43,1270.0
USERS_TR_ADDUSER - 23,1,1259,1259,1259,0.00,0.000%,.79365,0.98,0.40,1270.0
USERS_TR_ADDUSER - 31,1,1234,1234,1234,0.00,0.000%,.81037,1.00,0.40,1269.0
USERS_TR_ADDUSER - 26,1,1183,1183,1183,0.00,0.000%,.84531,1.05,0.42,1270.0
USERS_TR_ADDUSER - 56,1,1181,1181,1181,0.00,0.000%,.84317,1.04,0.42,1269.0
USERS_TR_ADDUSER - 50,1,1193,1193,1193,0.00,0.000%,.83752,1.04,0.42,1269.0
USERS_TR_ADDUSER - 43,1,1145,1145,1145,0.00,0.000%,.87260,1.08,0.44,1269.0
USERS_TR_ADDUSER - 57,1,1180,1180,1180,0.00,0.000%,.84746,1.05,0.42,1269.0
USERS_TR_UPDATEUSER - 3,1,1875,1875,1875,0.00,0.000%,.53333,0.45,0.39,866.0
USERS_TR_ADDUSER - 47,1,1556,1556,1556,0.00,0.000%,.64267,0.80,0.32,1270.0
USERS_TR_ADDUSER - 53,1,1556,1556,1556,0.00,0.000%,.64185,0.80,0.32,1270.0
USERS_TR_ADDUSER - 42,1,1553,1553,1553,0.00,0.000%,.64350,0.80,0.32,1270.0
USERS_TR_ADDUSER - 55,1,1593,1593,1593,0.00,0.000%,.62696,0.78,0.31,1270.0
USERS_TR_ADDUSER - 46,1,1534,1534,1534,0.00,0.000%,.65189,0.81,0.33,1270.0
USERS_TR_ADDUSER - 48,1,1701,1701,1701,0.00,0.000%,.58651,0.73,0.29,1269.0
USERS_TR_ADDUSER - 36,1,2039,2039,2039,0.00,0.000%,.49020,0.61,0.25,1270.0
USERS_TR_UPDATEUSER - 13,1,1508,1508,1508,0.00,0.000%,.66269,0.56,0.48,867.0
USERS_TR_ADDUSER - 21,1,1920,1920,1920,0.00,0.000%,.52056,0.65,0.18,1270.0
USERS_TR_ADDUSER - 27,1,1971,1971,1971,0.00,0.000%,.50710,0.63,0.25,1270.0
USERS_TR_ADDUSER - 30,1,1999,1999,1999,0.00,0.000%,.50000,0.62,0.25,1269.0
USERS_TR_GETUSERPROFILE - 40,1,999,999,999,0.00,0.000%,.99502,0.84,0.49,869.0
USERS_TR_ADDUSER - 45,1,1796,1796,1796,0.00,0.000%,.55617,0.69,0.19,1269.0
USERS_TR_ADDUSER - 51,1,1796,1796,1796,0.00,0.000%,.55679,0.69,0.19,1269.0
USERS_TR_ADDUSER - 44,1,1785,1785,1785,0.00,0.000%,.55991,0.69,0.28,1269.0
USERS_TR_ADDUSER - 54,1,1661,1661,1661,0.00,0.000%,.60132,0.75,0.30,1269.0
USERS_TR_ADDUSER - 49,1,1660,1660,1660,0.00,0.000%,.60241,0.75,0.30,1270.0
USERS_TR_ADDUSER - 52,1,1704,1704,1704,0.00,0.000%,.58582,0.73,0.29,1268.0
USERS_TR_ADDUSER - 41,1,1699,1699,1699,0.00,0.000%,.58754,0.73,0.29,1270.0
USERS_TR_LOGINUSER - 4,1,1618,1618,1618,0.00,100.000%,.61614,0.40,0.27,669.0
USERS_TR_LOGINUSER - 5,1,1171,1171,1171,0.00,0.000%,.84674,1.05,0.38,1267.0
USERS_TR_ADDUSER - 60,1,876,876,876,0.00,0.000%,1.14025,1.42,0.57,1272.0
USERS_TR_GETUSERPROFILE - 26,1,915,915,915,0.00,0.000%,1.09290,0.93,0.54,870.0
USERS_TR_LOGINUSER - 2,1,1178,1178,1178,0.00,100.000%,.84317,0.55,0.38,673.0
USERS_TR_ADDUSER - 69,1,1052,1052,1052,0.00,0.000%,.95057,1.18,0.48,1274.0
USERS_TR_ADDUSER - 71,1,1052,1052,1052,0.00,0.000%,.95057,1.18,0.48,1274.0
USERS_TR_ADDUSER - 61,1,869,869,869,0.00,0.000%,1.14679,1.43,0.57,1273.0
USERS_TR_ADDUSER - 58,1,753,753,753,0.00,0.000%,1.32626,1.65,0.66,1273.0
USERS_TR_ADDUSER - 70,1,754,754,754,0.00,0.000%,1.32626,1.65,0.66,1273.0
USERS_TR_GETUSERPROFILE - 32,1,1102,1102,1102,0.00,0.000%,.90744,0.77,0.45,870.0
USERS_TR_GETUSERPROFILE - 50,1,909,909,909,0.00,0.000%,1.09890,0.93,0.54,869.0
USERS_TR_GETUSERPROFILE - 39,1,1097,1097,1097,0.00,0.000%,.91158,0.77,0.45,870.0
USERS_TR_GETUSERPROFILE - 57,1,908,908,908,0.00,0.000%,1.10011,0.93,0.54,869.0
USERS_TR_GETUSERPROFILE - 23,1,1083,1083,1083,0.00,0.000%,.92251,0.78,0.45,870.0
USERS_TR_GETUSERPROFILE - 43,1,908,908,908,0.00,0.000%,1.09890,0.93,0.54,869.0
USERS_TR_GETUSERPROFILE - 31,1,1083,1083,1083,0.00,0.000%,.92166,0.78,0.45,869.0
USERS_TR_GETUSERPROFILE - 56,1,1039,1039,1039,0.00,0.000%,.96154,0.82,0.47,869.0
USERS_TR_LOGOUTUSER - 4,1,327,327,327,0.00,100.000%,1.58983,1.23,0.69,791.0
USERS_TR_LOGOUTUSER - 2,1,270,270,270,0.00,100.000%,1.73611,1.34,0.75,791.0
USERS_TR_UPDATEUSER - 16,1,1837,1837,1837,0.00,0.000%,.54407,0.46,0.39,870.0
USERS_TR_UPDATEUSER - 34,1,1745,1745,1745,0.00,0.000%,.57307,0.49,0.41,870.0
USERS_TR_UPDATEUSER - 18,1,1737,1737,1737,0.00,0.000%,.57571,0.49,0.42,871.0
USERS_TR_UPDATEUSER - 10,1,1995,1995,1995,0.00,0.000%,.50125,0.43,0.36,871.0
USERS_TR_UPDATEUSER - 24,1,1914,1914,1914,0.00,0.000%,.52219,0.44,0.38,870.0
USERS_TR_UPDATEUSER - 25,1,1887,1887,1887,0.00,0.000%,.52966,0.45,0.38,870.0
USERS_TR_UPDATEUSER - 14,1,1834,1834,1834,0.00,0.000%,.54496,0.46,0.39,871.0
USERS_TR_UPDATEUSER - 11,1,1914,1914,1914,0.00,0.000%,.52247,0.44,0.38,871.0
USERS_TR_UPDATEUSER - 35,1,1837,1837,1837,0.00,0.000%,.54437,0.46,0.39,870.0
USERS_TR_UPDATEUSER - 8,1,1817,1817,1817,0.00,0.000%,.55006,0.47,0.40,869.0
USERS_TR_UPDATEUSER - 7,1,1817,1817,1817,0.00,0.000%,.55036,0.47,0.40,871.0
USERS_TR_UPDATEUSER - 9,1,1918,1918,1918,0.00,0.000%,.52110,0.44,0.38,870.0
USERS_TR_UPDATEUSER - 12,1,2071,2071,2071,0.00,0.000%,.48286,0.41,0.35,871.0
USERS_TR_UPDATEUSER - 20,1,1819,1819,1819,0.00,0.000%,.54975,0.47,0.40,871.0
USERS_TR_UPDATEUSER - 38,1,1892,1892,1892,0.00,0.000%,.52854,0.45,0.38,870.0
USERS_TR_UPDATEUSER - 28,1,1892,1892,1892,0.00,0.000%,.52854,0.45,0.38,871.0
USERS_TR_UPDATEUSER - 19,1,1818,1818,1818,0.00,0.000%,.54975,0.47,0.40,871.0
USERS_TR_LOGINUSER - 1,1,1917,1917,1917,0.00,0.000%,.52110,0.65,0.23,1268.0
USERS_TR_LOGINUSER - 6,1,2068,2068,2068,0.00,0.000%,.48286,0.60,0.22,1266.0
USERS_TR_UPDATEUSER - 15,1,1819,1819,1819,0.00,0.000%,.54975,0.47,0.40,871.0
USERS_TR_UPDATEUSER - 29,1,1819,1819,1819,0.00,0.000%,.54975,0.47,0.40,869.0
USERS_TR_UPDATEUSER - 33,1,1819,1819,1819,0.00,0.000%,.54975,0.47,0.40,870.0
USERS_TR_UPDATEUSER - 37,1,1818,1818,1818,0.00,0.000%,.54975,0.47,0.40,871.0
USERS_TR_GETUSERPROFILE - 53,1,1077,1077,1077,0.00,0.000%,.92851,0.79,0.46,866.0
USERS_TR_UPDATEUSER - 17,1,1822,1822,1822,0.00,0.000%,.54885,0.47,0.40,871.0
USERS_TR_GETUSERPROFILE - 47,1,1077,1077,1077,0.00,0.000%,.92593,0.78,0.46,866.0
USERS_TR_UPDATEUSER - 22,1,1816,1816,1816,0.00,0.000%,.54885,0.47,0.40,870.0
USERS_TR_GETUSERPROFILE - 36,1,1064,1064,1064,0.00,0.000%,.93985,0.79,0.46,866.0
USERS_TR_GETUSERPROFILE - 55,1,1081,1081,1081,0.00,0.000%,.92507,0.78,0.46,866.0
USERS_TR_GETUSERPROFILE - 48,1,1070,1070,1070,0.00,0.000%,.93371,0.79,0.46,865.0
USERS_TR_GETUSERPROFILE - 45,1,1025,1025,1025,0.00,0.000%,.97561,0.82,0.48,865.0
USERS_TR_GETUSERPROFILE - 42,1,1084,1084,1084,0.00,0.000%,.92166,0.78,0.45,866.0
USERS_TR_GETUSERPROFILE - 21,1,1068,1068,1068,0.00,0.000%,.93633,0.79,0.46,866.0
USERS_TR_GETUSERPROFILE - 27,1,1063,1063,1063,0.00,0.000%,.93721,0.79,0.46,866.0
USERS_TR_GETUSERPROFILE - 44,1,1022,1022,1022,0.00,0.000%,.97752,0.83,0.48,865.0
USERS_TR_GETUSERPROFILE - 46,1,1075,1075,1075,0.00,0.000%,.92851,0.79,0.46,866.0
USERS_TR_GETUSERPROFILE - 30,1,1068,1068,1068,0.00,0.000%,.93633,0.79,0.46,865.0
USERS_TR_GETUSERPROFILE - 51,1,1039,1039,1039,0.00,0.000%,.96154,0.81,0.47,865.0
USERS_TR_GETUSERPROFILE - 54,1,992,992,992,0.00,0.000%,1.00604,0.85,0.50,865.0
USERS_TR_GETUSERPROFILE - 49,1,997,997,997,0.00,0.000%,1.00200,0.85,0.49,866.0
USERS_TR_GETUSERPROFILE - 60,1,903,903,903,0.00,0.000%,1.10742,0.93,0.55,864.0
USERS_TR_GETUSERPROFILE - 41,1,998,998,998,0.00,0.000%,1.00200,0.85,0.49,866.0
USERS_TR_GETUSERPROFILE - 70,1,896,896,896,0.00,0.000%,1.11483,0.94,0.55,865.0
USERS_TR_GETUSERPROFILE - 52,1,998,998,998,0.00,0.000%,1.00100,0.84,0.49,864.0
USERS_TR_GETUSERPROFILE - 58,1,898,898,898,0.00,0.000%,1.11359,0.94,0.55,865.0
USERS_TR_GETUSERPROFILE - 61,1,946,946,946,0.00,0.000%,1.05708,0.89,0.52,865.0
USERS_TR_GETUSERPROFILE - 69,1,948,948,948,0.00,0.000%,1.05485,0.89,0.52,866.0
USERS_TR_ADDUSER - 86,1,1133,1133,1133,0.00,0.000%,.88261,1.09,0.44,1270.0
USERS_TR_ADDUSER - 88,1,1140,1140,1140,0.00,0.000%,.87642,1.09,0.44,1269.0
USERS_TR_ADDUSER - 66,1,1196,1196,1196,0.00,0.000%,.83612,1.04,0.42,1270.0
USERS_TR_ADDUSER - 62,1,1208,1208,1208,0.00,0.000%,.82713,1.03,0.41,1269.0
USERS_TR_GETUSERPROFILE - 71,1,1038,1038,1038,0.00,0.000%,.96246,0.81,0.47,866.0
USERS_TR_ADDUSER - 84,1,1223,1223,1223,0.00,0.000%,.81699,1.01,0.41,1270.0
USERS_TR_UPDATEUSER - 40,1,1351,1351,1351,0.00,0.000%,.74019,0.63,0.53,866.0
USERS_TR_LOGINUSER - 13,1,1360,1360,1360,0.00,0.000%,.73368,0.90,0.33,1263.0
USERS_TR_ADDUSER - 63,1,1359,1359,1359,0.00,0.000%,.73584,0.91,0.37,1269.0
USERS_TR_ADDUSER - 73,1,1362,1362,1362,0.00,0.000%,.73368,0.91,0.37,1269.0
USERS_TR_ADDUSER - 72,1,1363,1363,1363,0.00,0.000%,.73314,0.91,0.37,1269.0
USERS_TR_ADDUSER - 74,1,1360,1360,1360,0.00,0.000%,.73475,0.91,0.37,1269.0
USERS_TR_ADDUSER - 99,1,1974,1974,1974,0.00,0.000%,.50659,0.63,0.17,1270.0
USERS_TR_ADDUSER - 89,1,1886,1886,1886,0.00,0.000%,.52994,0.66,0.26,1269.0
USERS_TR_ADDUSER - 67,1,1930,1930,1930,0.00,0.000%,.51787,0.64,0.26,1268.0
USERS_TR_UPDATEUSER - 26,1,1790,1790,1790,0.00,0.000%,.55866,0.47,0.40,867.0
USERS_TR_ADDUSER - 81,1,1888,1888,1888,0.00,0.000%,.52938,0.66,0.26,1269.0
USERS_TR_ADDUSER - 91,1,1887,1887,1887,0.00,0.000%,.52966,0.66,0.18,1270.0
USERS_TR_ADDUSER - 77,1,1972,1972,1972,0.00,0.000%,.50659,0.63,0.17,1270.0
USERS_TR_ADDUSER - 64,1,1935,1935,1935,0.00,0.000%,.51680,0.64,0.26,1270.0
USERS_TR_ADDUSER - 59,1,1937,1937,1937,0.00,0.000%,.51600,0.64,0.17,1270.0
USERS_TR_ADDUSER - 98,1,1893,1893,1893,0.00,0.000%,.52798,0.65,0.18,1268.0
USERS_TR_ADDUSER - 94,1,1894,1894,1894,0.00,0.000%,.52715,0.65,0.18,1269.0
USERS_TR_ADDUSER - 93,1,1986,1986,1986,0.00,0.000%,.50352,0.62,0.17,1270.0
USERS_TR_ADDUSER - 87,1,1898,1898,1898,0.00,0.000%,.52604,0.65,0.18,1269.0
USERS_TR_ADDUSER - 100,1,1896,1896,1896,0.00,0.000%,.52687,0.65,0.18,1269.0
USERS_TR_LOGINUSER - 3,1,2009,2009,2009,0.00,0.000%,.49702,0.61,0.22,1264.0
USERS_TR_ADDUSER - 68,1,1900,1900,1900,0.00,0.000%,.52632,0.65,0.18,1269.0
USERS_TR_ADDUSER - 65,1,1944,1944,1944,0.00,0.000%,.51414,0.64,0.17,1270.0
USERS_TR_ADDUSER - 76,1,1945,1945,1945,0.00,0.000%,.51387,0.64,0.26,1270.0
USERS_TR_ADDUSER - 85,1,1902,1902,1902,0.00,0.000%,.52521,0.65,0.18,1268.0
USERS_TR_ADDUSER - 75,1,1901,1901,1901,0.00,0.000%,.52576,0.65,0.26,1269.0
USERS_TR_UPDATEUSER - 39,1,1762,1762,1762,0.00,0.000%,.56754,0.48,0.41,866.0
USERS_TR_DELETEUSER - 4,1,1381,1381,1381,0.00,0.000%,.72359,0.47,0.45,659.0
USERS_TR_LOGOUTUSER - 5,1,1616,1616,1616,0.00,0.000%,.51867,0.33,0.30,659.0
USERS_TR_UPDATEUSER - 31,1,1763,1763,1763,0.00,0.000%,.56721,0.48,0.41,867.0
USERS_TR_UPDATEUSER - 32,1,1774,1774,1774,0.00,0.000%,.56338,0.48,0.41,867.0
USERS_TR_UPDATEUSER - 50,1,1768,1768,1768,0.00,0.000%,.56561,0.48,0.41,866.0
USERS_TR_ADDUSER - 79,1,1926,1926,1926,0.00,0.000%,.51760,0.64,0.18,1270.0
USERS_TR_ADDUSER - 95,1,1932,1932,1932,0.00,0.000%,.51733,0.64,0.18,1270.0
USERS_TR_ADDUSER - 97,1,1926,1926,1926,0.00,0.000%,.51760,0.64,0.18,1270.0
USERS_TR_ADDUSER - 96,1,1767,1767,1767,0.00,0.000%,.56561,0.70,0.28,1270.0
USERS_TR_ADDUSER - 78,1,1767,1767,1767,0.00,0.000%,.56561,0.70,0.19,1270.0
USERS_TR_ADDUSER - 82,1,1931,1931,1931,0.00,0.000%,.51733,0.64,0.18,1270.0
USERS_TR_ADDUSER - 80,1,2014,2014,2014,0.00,0.000%,.49603,0.62,0.17,1270.0
USERS_TR_ADDUSER - 83,1,1934,1934,1934,0.00,0.000%,.51706,0.64,0.18,1270.0
USERS_TR_UPDATEUSER - 43,1,1771,1771,1771,0.00,0.000%,.56433,0.48,0.41,866.0
USERS_TR_UPDATEUSER - 56,1,1772,1772,1772,0.00,0.000%,.56433,0.48,0.41,866.0
USERS_TR_UPDATEUSER - 23,1,1772,1772,1772,0.00,0.000%,.56402,0.48,0.41,867.0
USERS_TR_UPDATEUSER - 57,1,1772,1772,1772,0.00,0.000%,.56433,0.48,0.41,866.0
USERS_TR_ADDUSER - 90,1,1930,1930,1930,0.00,0.000%,.51653,0.64,0.18,1270.0
USERS_TR_GETUSERPROFILE - 86,1,1145,1145,1145,0.00,0.000%,.87260,0.73,0.43,862.0
USERS_TR_GETUSERPROFILE - 63,1,923,923,923,0.00,0.000%,1.08225,0.91,0.53,861.0
USERS_TR_LOGINUSER - 38,1,1226,1226,1226,0.00,0.000%,.80841,0.99,0.36,1260.0
USERS_TR_UPDATEUSER - 27,1,1225,1225,1225,0.00,0.000%,.81633,0.69,0.59,863.0
USERS_TR_DELETEUSER - 2,1,1525,1525,1525,0.00,0.000%,.65488,0.42,0.41,655.0
USERS_TR_LOGINUSER - 8,1,1223,1223,1223,0.00,0.000%,.80257,0.99,0.36,1259.0
USERS_TR_LOGINUSER - 22,1,1221,1221,1221,0.00,0.000%,.80645,0.99,0.36,1260.0
USERS_TR_GETUSERPROFILE - 74,1,1019,1019,1019,0.00,0.000%,.98135,0.83,0.48,861.0
USERS_TR_LOGINUSER - 28,1,1360,1360,1360,0.00,0.000%,.72516,0.89,0.32,1259.0
USERS_TR_UPDATEUSER - 48,1,1370,1370,1370,0.00,0.000%,.72993,0.61,0.53,861.0
USERS_TR_UPDATEUSER - 46,1,1364,1364,1364,0.00,0.000%,.73260,0.62,0.53,863.0
USERS_TR_UPDATEUSER - 53,1,1376,1376,1376,0.00,0.000%,.72622,0.61,0.53,863.0
USERS_TR_UPDATEUSER - 42,1,1369,1369,1369,0.00,0.000%,.73046,0.62,0.53,863.0
USERS_TR_GETUSERPROFILE - 72,1,1073,1073,1073,0.00,0.000%,.93023,0.78,0.46,861.0
USERS_TR_GETUSERPROFILE - 73,1,1216,1216,1216,0.00,0.000%,.82169,0.69,0.41,861.0
USERS_TR_GETUSERPROFILE - 62,1,1375,1375,1375,0.00,0.000%,.72727,0.61,0.36,861.0
USERS_TR_GETUSERPROFILE - 66,1,1378,1378,1378,0.00,0.000%,.72569,0.61,0.36,862.0
USERS_TR_GETUSERPROFILE - 88,1,1436,1436,1436,0.00,0.000%,.69638,0.59,0.34,861.0
USERS_TR_GETUSERPROFILE - 84,1,1349,1349,1349,0.00,0.000%,.74129,0.62,0.37,862.0
USERS_TR_LOGOUTUSER - 13,1,1362,1362,1362,0.00,0.000%,.59701,0.38,0.35,655.0
USERS_TR_LOGINUSER - 18,1,2056,2056,2056,0.00,100.000%,.48497,0.31,0.22,665.0
USERS_TR_ADDUSER - 92,1,1966,1966,1966,0.00,0.000%,.50865,0.63,0.17,1266.0
USERS_TR_UPDATEUSER - 60,1,1946,1946,1946,0.00,0.000%,.51335,0.43,0.37,863.0
USERS_TR_UPDATEUSER - 61,1,1901,1901,1901,0.00,0.000%,.52604,0.44,0.38,862.0
USERS_TR_LOGOUTUSER - 6,1,1673,1673,1673,0.00,0.000%,.50480,0.32,0.29,655.0
USERS_TR_UPDATEUSER - 52,1,1947,1947,1947,0.00,0.000%,.51361,0.43,0.37,862.0
USERS_TR_UPDATEUSER - 69,1,1897,1897,1897,0.00,0.000%,.52715,0.44,0.38,863.0
USERS_TR_LOGINUSER - 11,1,1955,1955,1955,0.00,0.000%,.50378,0.62,0.22,1258.0
USERS_TR_GETUSERPROFILE - 81,1,1059,1059,1059,0.00,0.000%,.94429,0.80,0.47,865.0
USERS_TR_GETUSERPROFILE - 89,1,1061,1061,1061,0.00,0.000%,.94251,0.80,0.46,865.0
USERS_TR_GETUSERPROFILE - 91,1,1059,1059,1059,0.00,0.000%,.94429,0.80,0.47,866.0
USERS_TR_LOGINUSER - 24,1,1968,1968,1968,0.00,0.000%,.50378,0.62,0.22,1259.0
USERS_TR_LOGINUSER - 10,1,2054,2054,2054,0.00,0.000%,.48614,0.60,0.22,1258.0
USERS_TR_LOGINUSER - 9,1,1973,1973,1973,0.00,100.000%,.50480,0.33,0.23,665.0
USERS_TR_UPDATEUSER - 55,1,1973,1973,1973,0.00,0.000%,.50684,0.43,0.37,862.0
USERS_TR_UPDATEUSER - 47,1,1977,1977,1977,0.00,0.000%,.50582,0.43,0.37,863.0
USERS_TR_LOGINUSER - 34,1,2053,2053,2053,0.00,0.000%,.48520,0.60,0.22,1260.0
USERS_TR_UPDATEUSER - 36,1,1974,1974,1974,0.00,0.000%,.50659,0.43,0.37,863.0
USERS_TR_LOGINUSER - 29,1,1953,1953,1953,0.00,0.000%,.50505,0.62,0.22,1258.0
USERS_TR_LOGINUSER - 7,1,1959,1959,1959,0.00,0.000%,.50480,0.62,0.22,1258.0
USERS_TR_LOGINUSER - 16,1,2052,2052,2052,0.00,0.000%,.48544,0.60,0.22,1260.0
USERS_TR_UPDATEUSER - 54,1,1951,1951,1951,0.00,0.000%,.51230,0.43,0.37,863.0
USERS_TR_LOGINUSER - 12,1,1975,1975,1975,0.00,100.000%,.50327,0.33,0.22,665.0
USERS_TR_LOGINUSER - 14,1,1961,1961,1961,0.00,0.000%,.50226,0.62,0.22,1259.0
USERS_TR_UPDATEUSER - 44,1,1977,1977,1977,0.00,0.000%,.50582,0.43,0.37,862.0
USERS_TR_LOGINUSER - 40,1,1682,1682,1682,0.00,100.000%,.59347,0.39,0.26,665.0
USERS_TR_GETUSERPROFILE - 95,1,928,928,928,0.00,0.000%,1.07759,0.91,0.53,866.0
USERS_TR_GETUSERPROFILE - 98,1,1060,1060,1060,0.00,0.000%,.94251,0.80,0.46,864.0
USERS_TR_UPDATEUSER - 30,1,1975,1975,1975,0.00,0.000%,.50633,0.43,0.37,863.0
USERS_TR_LOGINUSER - 37,1,1979,1979,1979,0.00,0.000%,.50327,0.62,0.22,1260.0
USERS_TR_LOGINUSER - 35,1,1968,1968,1968,0.00,0.000%,.50226,0.62,0.22,1258.0
USERS_TR_UPDATEUSER - 45,1,1981,1981,1981,0.00,0.000%,.50480,0.42,0.36,862.0
USERS_TR_UPDATEUSER - 21,1,1979,1979,1979,0.00,0.000%,.50531,0.43,0.37,863.0
USERS_TR_GETUSERPROFILE - 77,1,1061,1061,1061,0.00,0.000%,.93985,0.79,0.46,866.0
USERS_TR_GETUSERPROFILE - 76,1,1051,1051,1051,0.00,0.000%,.94787,0.80,0.47,866.0
USERS_TR_GETUSERPROFILE - 68,1,1051,1051,1051,0.00,0.000%,.94787,0.80,0.47,865.0
USERS_TR_LOGINUSER - 33,1,1975,1975,1975,0.00,0.000%,.50327,0.62,0.22,1259.0
USERS_TR_GETUSERPROFILE - 83,1,924,924,924,0.00,0.000%,1.08108,0.91,0.53,866.0
USERS_TR_GETUSERPROFILE - 67,1,1069,1069,1069,0.00,0.000%,.93545,0.79,0.46,864.0
USERS_TR_GETUSERPROFILE - 59,1,1062,1062,1062,0.00,0.000%,.94162,0.80,0.46,866.0
USERS_TR_GETUSERPROFILE - 78,1,932,932,932,0.00,0.000%,1.07296,0.91,0.53,866.0
USERS_TR_GETUSERPROFILE - 79,1,930,930,930,0.00,0.000%,1.07296,0.91,0.53,866.0
USERS_TR_LOGOUTUSER - 1,1,1692,1692,1692,0.00,0.000%,.50000,0.32,0.29,655.0
USERS_TR_GETUSERPROFILE - 99,1,1082,1082,1082,0.00,0.000%,.92336,0.78,0.46,866.0
USERS_TR_LOGINUSER - 15,1,1984,1984,1984,0.00,0.000%,.49900,0.61,0.22,1258.0
USERS_TR_GETUSERPROFILE - 94,1,1074,1074,1074,0.00,0.000%,.93110,0.79,0.46,865.0
USERS_TR_LOGINUSER - 19,1,1981,1981,1981,0.00,100.000%,.49900,0.32,0.22,665.0
USERS_TR_LOGINUSER - 17,1,1976,1976,1976,0.00,100.000%,.50000,0.32,0.22,665.0
USERS_TR_GETUSERPROFILE - 87,1,1073,1073,1073,0.00,0.000%,.93197,0.79,0.46,865.0
USERS_TR_LOGINUSER - 20,1,1983,1983,1983,0.00,100.000%,.49850,0.32,0.22,665.0
USERS_TR_LOGINUSER - 25,1,1982,1982,1982,0.00,0.000%,.49727,0.61,0.22,1259.0
USERS_TR_GETUSERPROFILE - 100,1,1074,1074,1074,0.00,0.000%,.93110,0.79,0.46,865.0
USERS_TR_UPDATEUSER - 70,1,2027,2027,2027,0.00,0.000%,.49310,0.42,0.36,862.0
USERS_TR_UPDATEUSER - 58,1,2027,2027,2027,0.00,0.000%,.49310,0.42,0.36,862.0
USERS_TR_UPDATEUSER - 49,1,2031,2031,2031,0.00,0.000%,.49237,0.41,0.36,863.0
USERS_TR_GETUSERPROFILE - 64,1,1139,1139,1139,0.00,0.000%,.87796,0.74,0.43,866.0
USERS_TR_UPDATEUSER - 51,1,2038,2038,2038,0.00,0.000%,.49068,0.41,0.35,862.0
USERS_TR_GETUSERPROFILE - 65,1,1129,1129,1129,0.00,0.000%,.88496,0.75,0.44,866.0
USERS_TR_GETUSERPROFILE - 96,1,1004,1004,1004,0.00,0.000%,.99502,0.84,0.49,866.0
USERS_TR_DELETEUSER - 5,1,1086,1086,1086,0.00,0.000%,.91743,0.59,0.58,659.0
USERS_TR_LOGINUSER - 39,1,1082,1082,1082,0.00,0.000%,.91659,1.13,0.41,1263.0
USERS_TR_LOGINUSER - 56,1,1074,1074,1074,0.00,0.000%,.92593,1.14,0.41,1262.0
USERS_TR_GETUSERPROFILE - 93,1,1214,1214,1214,0.00,0.000%,.82372,0.70,0.41,866.0
USERS_TR_UPDATEUSER - 71,1,1973,1973,1973,0.00,0.000%,.50684,0.43,0.37,863.0
USERS_TR_GETUSERPROFILE - 97,1,1085,1085,1085,0.00,0.000%,.92166,0.78,0.45,866.0
USERS_TR_UPDATEUSER - 41,1,2113,2113,2113,0.00,0.000%,.47326,0.40,0.34,863.0
USERS_TR_GETUSERPROFILE - 80,1,1082,1082,1082,0.00,0.000%,.92421,0.78,0.46,866.0
USERS_TR_GETUSERPROFILE - 90,1,1079,1079,1079,0.00,0.000%,.92678,0.78,0.46,866.0
USERS_TR_GETUSERPROFILE - 82,1,1084,1084,1084,0.00,0.000%,.92166,0.78,0.45,866.0
USERS_TR_GETUSERPROFILE - 85,1,1210,1210,1210,0.00,0.000%,.82576,0.70,0.41,864.0
USERS_TR_GETUSERPROFILE - 75,1,1210,1210,1210,0.00,0.000%,.82576,0.70,0.41,865.0
USERS_TR_LOGINUSER - 26,1,1225,1225,1225,0.00,100.000%,.81433,0.53,0.36,669.0
USERS_TR_LOGINUSER - 23,1,1079,1079,1079,0.00,0.000%,.92336,1.14,0.41,1262.0
USERS_TR_LOGINUSER - 31,1,1093,1093,1093,0.00,0.000%,.90662,1.12,0.40,1262.0
USERS_TR_UPDATEUSER - 86,1,942,942,942,0.00,0.000%,1.05932,0.90,0.77,867.0
USERS_TR_LOGOUTUSER - 38,1,722,722,722,0.00,100.000%,.96525,0.75,0.56,791.0
USERS_TR_LOGINUSER - 57,1,1204,1204,1204,0.00,100.000%,.82919,0.54,0.37,669.0
USERS_TR_LOGOUTUSER - 3,1,1030,1030,1030,0.00,0.000%,.74794,0.48,0.43,659.0
USERS_TR_LOGINUSER - 43,1,1203,1203,1203,0.00,0.000%,.82850,1.02,0.37,1263.0
USERS_TR_LOGINUSER - 32,1,1202,1202,1202,0.00,0.000%,.82508,1.02,0.37,1262.0
USERS_TR_LOGINUSER - 42,1,886,886,886,0.00,0.000%,1.11982,1.38,0.50,1263.0
USERS_TR_LOGOUTUSER - 12,1,304,304,304,0.00,100.000%,1.62866,1.25,0.71,787.0
USERS_TR_LOGOUTUSER - 17,1,294,294,294,0.00,100.000%,1.66667,1.28,0.72,787.0
USERS_TR_LOGOUTUSER - 40,1,309,309,309,0.00,100.000%,1.62338,1.25,0.70,787.0
USERS_TR_LOGOUTUSER - 9,1,309,309,309,0.00,100.000%,1.60772,1.24,0.70,787.0
USERS_TR_LOGOUTUSER - 18,1,309,309,309,0.00,100.000%,1.60256,1.23,0.69,787.0
USERS_TR_LOGOUTUSER - 19,1,294,294,294,0.00,100.000%,1.66389,1.28,0.72,787.0
USERS_TR_LOGOUTUSER - 20,1,295,295,295,0.00,100.000%,1.66389,1.28,0.72,787.0
USERS_TR_LOGOUTUSER - 26,1,281,281,281,0.00,100.000%,1.71527,1.32,0.74,787.0
USERS_TR_LOGOUTUSER - 57,1,301,301,301,0.00,100.000%,1.65289,1.27,0.72,787.0
USERS_TR_LOGOUTUSER - 22,1,1466,1466,1466,0.00,0.000%,.56465,0.36,0.33,659.0
USERS_TR_LOGINUSER - 48,1,1630,1630,1630,0.00,0.000%,.61087,0.75,0.27,1263.0
USERS_TR_UPDATEUSER - 74,1,1691,1691,1691,0.00,0.000%,.59137,0.50,0.43,866.0
USERS_TR_LOGINUSER - 27,1,1777,1777,1777,0.00,100.000%,.56211,0.37,0.25,669.0
USERS_TR_UPDATEUSER - 62,1,1496,1496,1496,0.00,0.000%,.66845,0.57,0.48,866.0
USERS_TR_LOGINUSER - 46,1,1631,1631,1631,0.00,0.000%,.61087,0.75,0.27,1264.0
USERS_TR_LOGOUTUSER - 8,1,1466,1466,1466,0.00,100.000%,.56465,0.37,0.33,678.0
USERS_TR_UPDATEUSER - 73,1,1496,1496,1496,0.00,0.000%,.66845,0.57,0.48,866.0
USERS_TR_UPDATEUSER - 66,1,1496,1496,1496,0.00,0.000%,.66845,0.57,0.48,867.0
USERS_TR_LOGINUSER - 53,1,1630,1630,1630,0.00,100.000%,.61125,0.40,0.27,669.0
USERS_TR_UPDATEUSER - 72,1,1636,1636,1636,0.00,0.000%,.61087,0.52,0.44,866.0
USERS_TR_UPDATEUSER - 63,1,1788,1788,1788,0.00,0.000%,.55897,0.47,0.40,866.0
USERS_TR_UPDATEUSER - 84,1,1495,1495,1495,0.00,0.000%,.66845,0.57,0.48,867.0
USERS_TR_LOGINUSER - 50,1,1949,1949,1949,0.00,0.000%,.51125,0.63,0.23,1262.0
USERS_TR_LOGOUTUSER - 28,1,1325,1325,1325,0.00,0.000%,.61050,0.39,0.35,659.0
USERS_TR_UPDATEUSER - 88,1,1493,1493,1493,0.00,0.000%,.66934,0.57,0.48,866.0
USERS_TR_GETUSERPROFILE - 92,1,1224,1224,1224,0.00,0.000%,.81633,0.69,0.40,862.0
USERS_TR_DELETEUSER - 13,1,1389,1389,1389,0.00,0.000%,.71942,0.46,0.45,655.0
USERS_TR_LOGINUSER - 52,1,1373,1373,1373,0.00,0.000%,.71994,0.89,0.32,1260.0
USERS_TR_UPDATEUSER - 89,1,1487,1487,1487,0.00,0.000%,.67159,0.57,0.49,862.0
USERS_TR_LOGINUSER - 47,1,1472,1472,1472,0.00,0.000%,.67204,0.83,0.30,1259.0
USERS_TR_LOGINUSER - 30,1,1469,1469,1469,0.00,0.000%,.67476,0.83,0.30,1259.0
USERS_TR_LOGINUSER - 55,1,1477,1477,1477,0.00,0.000%,.67204,0.83,0.30,1259.0
USERS_TR_UPDATEUSER - 77,1,1481,1481,1481,0.00,0.000%,.67476,0.57,0.49,863.0
USERS_TR_UPDATEUSER - 95,1,1481,1481,1481,0.00,0.000%,.67476,0.57,0.49,863.0
USERS_TR_DELETEUSER - 6,1,1489,1489,1489,0.00,0.000%,.67159,0.43,0.42,655.0
USERS_TR_UPDATEUSER - 99,1,1466,1466,1466,0.00,0.000%,.68213,0.57,0.49,863.0
USERS_TR_UPDATEUSER - 81,1,1488,1488,1488,0.00,0.000%,.67204,0.57,0.49,862.0
USERS_TR_LOGINUSER - 61,1,1480,1480,1480,0.00,0.000%,.67159,0.83,0.30,1260.0
USERS_TR_UPDATEUSER - 91,1,1487,1487,1487,0.00,0.000%,.67204,0.57,0.49,863.0
USERS_TR_LOGOUTUSER - 37,1,1174,1174,1174,0.00,100.000%,.67522,0.52,0.39,787.0
USERS_TR_DELETEUSER - 1,1,1471,1471,1471,0.00,0.000%,.67981,0.43,0.43,655.0
USERS_TR_LOGOUTUSER - 27,1,273,273,273,0.00,100.000%,1.69779,1.30,0.74,787.0
USERS_TR_LOGOUTUSER - 53,1,299,299,299,0.00,100.000%,1.62866,1.25,0.71,787.0
USERS_TR_LOGOUTUSER - 14,1,1619,1619,1619,0.00,0.000%,.51840,0.33,0.30,655.0
USERS_TR_LOGOUTUSER - 16,1,1619,1619,1619,0.00,0.000%,.51760,0.33,0.30,655.0
USERS_TR_DELETEUSER - 38,1,1649,1649,1649,0.00,0.000%,.60643,0.39,0.38,655.0
USERS_TR_LOGOUTUSER - 29,1,1625,1625,1625,0.00,0.000%,.51573,0.33,0.30,655.0
USERS_TR_UPDATEUSER - 98,1,1935,1935,1935,0.00,0.000%,.51680,0.44,0.37,862.0
USERS_TR_UPDATEUSER - 83,1,1934,1934,1934,0.00,0.000%,.51706,0.44,0.37,863.0
USERS_TR_DELETEUSER - 3,1,1653,1653,1653,0.00,0.000%,.60459,0.39,0.38,655.0
USERS_TR_LOGINUSER - 58,1,1861,1861,1861,0.00,0.000%,.53619,0.66,0.24,1258.0
USERS_TR_UPDATEUSER - 76,1,1937,1937,1937,0.00,0.000%,.51626,0.44,0.37,863.0
USERS_TR_LOGOUTUSER - 35,1,1641,1641,1641,0.00,0.000%,.51335,0.33,0.30,655.0
USERS_TR_LOGINUSER - 44,1,1935,1935,1935,0.00,100.000%,.51335,0.33,0.23,665.0
USERS_TR_LOGINUSER - 45,1,1934,1934,1934,0.00,100.000%,.51335,0.33,0.23,665.0
USERS_TR_LOGINUSER - 49,1,1870,1870,1870,0.00,0.000%,.53390,0.66,0.24,1259.0
USERS_TR_LOGINUSER - 54,1,1937,1937,1937,0.00,0.000%,.51203,0.63,0.23,1258.0
USERS_TR_LOGINUSER - 36,1,1935,1935,1935,0.00,100.000%,.51177,0.33,0.23,665.0
USERS_TR_UPDATEUSER - 79,1,1943,1943,1943,0.00,0.000%,.51440,0.43,0.37,863.0
USERS_TR_UPDATEUSER - 67,1,1948,1948,1948,0.00,0.000%,.51335,0.43,0.37,863.0
USERS_TR_LOGINUSER - 60,1,1943,1943,1943,0.00,100.000%,.51099,0.33,0.23,665.0
USERS_TR_LOGINUSER - 69,1,1936,1936,1936,0.00,0.000%,.51046,0.63,0.23,1258.0
USERS_TR_LOGINUSER - 21,1,1938,1938,1938,0.00,0.000%,.51230,0.63,0.23,1258.0
USERS_TR_UPDATEUSER - 87,1,1946,1946,1946,0.00,0.000%,.51387,0.43,0.37,862.0
USERS_TR_LOGOUTUSER - 34,1,1664,1664,1664,0.00,100.000%,.50582,0.33,0.29,674.0
USERS_TR_LOGOUTUSER - 10,1,1664,1664,1664,0.00,100.000%,.50582,0.33,0.29,674.0
USERS_TR_UPDATEUSER - 65,1,1895,1895,1895,0.00,0.000%,.52770,0.44,0.38,863.0
USERS_TR_LOGOUTUSER - 24,1,1664,1664,1664,0.00,100.000%,.50582,0.33,0.29,674.0
USERS_TR_UPDATEUSER - 68,1,1970,1970,1970,0.00,0.000%,.50761,0.43,0.37,862.0
USERS_TR_UPDATEUSER - 90,1,1812,1812,1812,0.00,0.000%,.55157,0.46,0.40,863.0
USERS_TR_LOGOUTUSER - 25,1,1649,1649,1649,0.00,100.000%,.51177,0.34,0.30,674.0
USERS_TR_UPDATEUSER - 64,1,1897,1897,1897,0.00,0.000%,.52715,0.44,0.38,863.0
USERS_TR_UPDATEUSER - 59,1,1969,1969,1969,0.00,0.000%,.50736,0.43,0.37,863.0
USERS_TR_UPDATEUSER - 100,1,1954,1954,1954,0.00,0.000%,.51177,0.43,0.37,861.0
USERS_TR_UPDATEUSER - 80,1,1815,1815,1815,0.00,0.000%,.55096,0.46,0.40,863.0
USERS_TR_UPDATEUSER - 78,1,1972,1972,1972,0.00,0.000%,.50710,0.43,0.37,863.0
USERS_TR_LOGOUTUSER - 33,1,1669,1669,1669,0.00,0.000%,.50633,0.32,0.29,655.0
USERS_TR_LOGOUTUSER - 32,1,1389,1389,1389,0.00,100.000%,.59067,0.39,0.34,674.0
USERS_TR_LOGOUTUSER - 56,1,1516,1516,1516,0.00,100.000%,.54915,0.36,0.32,674.0
USERS_TR_LOGOUTUSER - 39,1,1516,1516,1516,0.00,100.000%,.54915,0.36,0.32,674.0
USERS_TR_LOGOUTUSER - 11,1,1672,1672,1672,0.00,100.000%,.50352,0.33,0.29,674.0
USERS_TR_LOGOUTUSER - 23,1,1519,1519,1519,0.00,100.000%,.54915,0.36,0.32,674.0
USERS_TR_LOGOUTUSER - 15,1,1660,1660,1660,0.00,0.000%,.50839,0.33,0.29,655.0
USERS_TR_LOGOUTUSER - 43,1,1395,1395,1395,0.00,100.000%,.58858,0.39,0.34,674.0
USERS_TR_LOGINUSER - 51,1,1903,1903,1903,0.00,100.000%,.52438,0.34,0.23,665.0
USERS_TR_LOGINUSER - 41,1,1823,1823,1823,0.00,0.000%,.54795,0.67,0.24,1260.0
USERS_TR_LOGINUSER - 71,1,1822,1822,1822,0.00,0.000%,.54765,0.67,0.24,1260.0
USERS_TR_UPDATEUSER - 94,1,1968,1968,1968,0.00,0.000%,.50813,0.43,0.37,862.0
USERS_TR_LOGINUSER - 70,1,1904,1904,1904,0.00,100.000%,.52356,0.34,0.23,665.0
USERS_TR_LOGINUSER - 86,1,1798,1798,1798,0.00,0.000%,.55556,0.68,0.25,1259.0
USERS_TR_LOGOUTUSER - 31,1,1505,1505,1505,0.00,100.000%,.55157,0.36,0.32,674.0
USERS_TR_DELETEUSER - 12,1,1397,1397,1397,0.00,0.000%,.71582,0.46,0.45,655.0
USERS_TR_DELETEUSER - 17,1,1393,1393,1393,0.00,0.000%,.71788,0.46,0.45,655.0
USERS_TR_DELETEUSER - 40,1,1393,1393,1393,0.00,0.000%,.71788,0.46,0.45,655.0
USERS_TR_LOGOUTUSER - 42,1,1421,1421,1421,0.00,100.000%,.58005,0.38,0.34,674.0
USERS_TR_LOGOUTUSER - 7,1,1683,1683,1683,0.00,100.000%,.50100,0.33,0.29,674.0
USERS_TR_DELETEUSER - 20,1,1471,1471,1471,0.00,0.000%,.67981,0.43,0.43,655.0
USERS_TR_DELETEUSER - 8,1,1059,1059,1059,0.00,0.000%,.94340,0.60,0.59,655.0
USERS_TR_UPDATEUSER - 93,1,1931,1931,1931,0.00,0.000%,.51787,0.44,0.37,863.0
USERS_TR_UPDATEUSER - 82,1,1930,1930,1930,0.00,0.000%,.51813,0.44,0.37,862.0
USERS_TR_UPDATEUSER - 97,1,1931,1931,1931,0.00,0.000%,.51760,0.44,0.37,863.0
USERS_TR_UPDATEUSER - 75,1,1930,1930,1930,0.00,0.000%,.51813,0.44,0.37,862.0
USERS_TR_UPDATEUSER - 96,1,2012,2012,2012,0.00,0.000%,.49702,0.42,0.36,863.0
USERS_TR_DELETEUSER - 19,1,1473,1473,1473,0.00,0.000%,.67843,0.43,0.43,655.0
USERS_TR_DELETEUSER - 28,1,1058,1058,1058,0.00,0.000%,.94340,0.60,0.59,655.0
USERS_TR_DELETEUSER - 18,1,1475,1475,1475,0.00,0.000%,.67797,0.43,0.43,655.0
USERS_TR_DELETEUSER - 9,1,1476,1476,1476,0.00,0.000%,.67751,0.43,0.42,655.0
USERS_TR_LOGINUSER - 74,1,1052,1052,1052,0.00,0.000%,.93897,1.16,0.42,1260.0
USERS_TR_UPDATEUSER - 85,1,1934,1934,1934,0.00,0.000%,.51706,0.44,0.37,862.0
USERS_TR_DELETEUSER - 57,1,1199,1199,1199,0.00,0.000%,.83056,0.53,0.52,655.0
USERS_TR_DELETEUSER - 26,1,1373,1373,1373,0.00,0.000%,.72780,0.47,0.46,655.0
USERS_TR_DELETEUSER - 22,1,1091,1091,1091,0.00,0.000%,.91659,0.59,0.57,655.0
USERS_TR_LOGOUTUSER - 46,1,825,825,825,0.00,0.000%,.87719,0.56,0.51,655.0
USERS_TR_LOGINUSER - 99,1,651,651,651,0.00,0.000%,1.52672,1.88,0.68,1258.0
USERS_TR_DELETEUSER - 53,1,527,527,527,0.00,0.000%,1.89753,1.21,1.19,655.0
USERS_TR_LOGINUSER - 84,1,1129,1129,1129,0.00,0.000%,.87719,1.08,0.39,1259.0
USERS_TR_DELETEUSER - 27,1,552,552,552,0.00,0.000%,1.80832,1.16,1.13,655.0
USERS_TR_LOGINUSER - 91,1,649,649,649,0.00,0.000%,1.52905,1.88,0.68,1258.0
USERS_TR_LOGINUSER - 81,1,652,652,652,0.00,0.000%,1.52439,1.87,0.68,1258.0
USERS_TR_LOGINUSER - 66,1,1132,1132,1132,0.00,0.000%,.87566,1.08,0.39,1258.0
USERS_TR_LOGOUTUSER - 48,1,841,841,841,0.00,100.000%,.87642,0.67,0.51,787.0
USERS_TR_LOGINUSER - 95,1,656,656,656,0.00,0.000%,1.51286,1.86,0.67,1259.0
USERS_TR_LOGINUSER - 88,1,1143,1143,1143,0.00,0.000%,.86505,1.06,0.39,1258.0
USERS_TR_LOGINUSER - 62,1,1142,1142,1142,0.00,0.000%,.86430,1.06,0.39,1260.0
USERS_TR_LOGINUSER - 73,1,1149,1149,1149,0.00,0.000%,.86430,1.06,0.39,1260.0
USERS_TR_DELETEUSER - 37,1,677,677,677,0.00,0.000%,1.47710,0.94,0.93,655.0
USERS_TR_LOGINUSER - 63,1,1154,1154,1154,0.00,0.000%,.85837,1.06,0.38,1259.0
USERS_TR_LOGINUSER - 72,1,1151,1151,1151,0.00,0.000%,.85837,1.06,0.38,1259.0
USERS_TR_LOGOUTUSER - 45,1,286,286,286,0.00,100.000%,1.68350,1.29,0.73,787.0
USERS_TR_LOGOUTUSER - 44,1,300,300,300,0.00,100.000%,1.64474,1.26,0.71,787.0
USERS_TR_LOGOUTUSER - 36,1,300,300,300,0.00,100.000%,1.64474,1.26,0.71,787.0
USERS_TR_LOGOUTUSER - 60,1,300,300,300,0.00,100.000%,1.64745,1.27,0.71,787.0
USERS_TR_LOGOUTUSER - 70,1,290,290,290,0.00,100.000%,1.68350,1.29,0.73,787.0
USERS_TR_LOGOUTUSER - 51,1,292,292,292,0.00,100.000%,1.67785,1.29,0.73,787.0
USERS_TR_LOGINUSER - 77,1,1409,1409,1409,0.00,0.000%,.70621,0.87,0.31,1258.0
USERS_TR_LOGOUTUSER - 50,1,1592,1592,1592,0.00,0.000%,.52466,0.34,0.30,655.0
USERS_TR_UPDATEUSER - 92,1,1718,1718,1718,0.00,0.000%,.58207,0.49,0.42,863.0
USERS_TR_LOGINUSER - 89,1,1414,1414,1414,0.00,100.000%,.70323,0.46,0.31,665.0
USERS_TR_DELETEUSER - 34,1,1266,1266,1266,0.00,0.000%,.78927,0.50,0.49,655.0
USERS_TR_DELETEUSER - 29,1,1305,1305,1305,0.00,0.000%,.76628,0.49,0.48,655.0
USERS_TR_LOGOUTUSER - 30,1,1417,1417,1417,0.00,0.000%,.57971,0.37,0.34,655.0
USERS_TR_LOGOUTUSER - 21,1,983,983,983,0.00,100.000%,.77700,0.60,0.45,787.0
USERS_TR_DELETEUSER - 14,1,1313,1313,1313,0.00,0.000%,.76161,0.49,0.48,655.0
USERS_TR_DELETEUSER - 16,1,1313,1313,1313,0.00,0.000%,.76161,0.49,0.48,655.0
USERS_TR_LOGOUTUSER - 52,1,1556,1556,1556,0.00,0.000%,.53821,0.34,0.31,655.0
USERS_TR_LOGOUTUSER - 47,1,1419,1419,1419,0.00,0.000%,.57904,0.37,0.34,655.0
USERS_TR_LOGOUTUSER - 55,1,1419,1419,1419,0.00,0.000%,.57937,0.37,0.34,655.0
USERS_TR_DELETEUSER - 10,1,1268,1268,1268,0.00,0.000%,.78802,0.50,0.49,655.0
USERS_TR_DELETEUSER - 39,1,1262,1262,1262,0.00,0.000%,.79239,0.51,0.50,655.0
USERS_TR_DELETEUSER - 56,1,1263,1263,1263,0.00,0.000%,.79177,0.51,0.50,655.0
USERS_TR_DELETEUSER - 11,1,1259,1259,1259,0.00,0.000%,.79177,0.51,0.50,655.0
USERS_TR_LOGOUTUSER - 71,1,955,955,955,0.00,100.000%,.79428,0.61,0.46,787.0
USERS_TR_LOGINUSER - 98,1,1300,1300,1300,0.00,0.000%,.76511,0.94,0.34,1259.0
USERS_TR_DELETEUSER - 48,1,1073,1073,1073,0.00,0.000%,.93197,0.60,0.58,655.0
USERS_TR_LOGINUSER - 67,1,1291,1291,1291,0.00,0.000%,.77280,0.95,0.34,1260.0
USERS_TR_DELETEUSER - 24,1,1273,1273,1273,0.00,0.000%,.78555,0.50,0.49,655.0
USERS_TR_DELETEUSER - 32,1,1267,1267,1267,0.00,0.000%,.78927,0.50,0.49,655.0
USERS_TR_LOGINUSER - 76,1,1299,1299,1299,0.00,0.000%,.76687,0.94,0.34,1260.0
USERS_TR_DELETEUSER - 25,1,1273,1273,1273,0.00,0.000%,.78555,0.50,0.49,655.0
USERS_TR_LOGINUSER - 78,1,1264,1264,1264,0.00,0.000%,.78864,0.97,0.35,1258.0
USERS_TR_LOGINUSER - 83,1,1307,1307,1307,0.00,0.000%,.76336,0.94,0.34,1259.0
USERS_TR_DELETEUSER - 33,1,1270,1270,1270,0.00,0.000%,.78678,0.50,0.49,655.0
USERS_TR_LOGINUSER - 68,1,1267,1267,1267,0.00,100.000%,.78431,0.51,0.35,665.0
USERS_TR_LOGINUSER - 64,1,1261,1261,1261,0.00,0.000%,.78431,0.96,0.35,1258.0
USERS_TR_LOGINUSER - 97,1,1147,1147,1147,0.00,0.000%,.86281,1.06,0.38,1258.0
USERS_TR_LOGINUSER - 90,1,1262,1262,1262,0.00,100.000%,.78309,0.51,0.35,665.0
USERS_TR_DELETEUSER - 35,1,1299,1299,1299,0.00,0.000%,.76923,0.49,0.48,655.0
USERS_TR_LOGINUSER - 87,1,1284,1284,1284,0.00,0.000%,.77760,0.96,0.35,1260.0
USERS_TR_LOGINUSER - 96,1,1154,1154,1154,0.00,0.000%,.86281,1.06,0.38,1258.0
USERS_TR_DELETEUSER - 42,1,1196,1196,1196,0.00,0.000%,.83542,0.53,0.52,655.0
USERS_TR_LOGINUSER - 79,1,1298,1298,1298,0.00,0.000%,.76982,0.95,0.34,1259.0
USERS_TR_LOGINUSER - 93,1,1156,1156,1156,0.00,100.000%,.86133,0.56,0.38,665.0
USERS_TR_LOGOUTUSER - 61,1,1428,1428,1428,0.00,0.000%,.57637,0.37,0.33,655.0
USERS_TR_LOGOUTUSER - 89,1,347,347,347,0.00,100.000%,1.51745,1.18,0.66,795.0
USERS_TR_LOGOUTUSER - 93,1,315,315,315,0.00,100.000%,1.60514,1.25,0.70,795.0
USERS_TR_LOGOUTUSER - 68,1,315,315,315,0.00,100.000%,1.59744,1.24,0.69,795.0
USERS_TR_LOGOUTUSER - 90,1,315,315,315,0.00,100.000%,1.60000,1.24,0.69,795.0
USERS_TR_LOGOUTUSER - 67,1,499,499,499,0.00,0.000%,1.23001,0.80,0.71,663.0
USERS_TR_LOGOUTUSER - 79,1,499,499,499,0.00,0.000%,1.23609,0.80,0.72,663.0
USERS_TR_DELETEUSER - 89,1,462,462,462,0.00,0.000%,2.16450,1.40,1.36,663.0
USERS_TR_LOGOUTUSER - 98,1,498,498,498,0.00,0.000%,1.22850,0.80,0.71,663.0
USERS_TR_LOGOUTUSER - 64,1,499,499,499,0.00,0.000%,1.23609,0.80,0.72,663.0
USERS_TR_LOGOUTUSER - 96,1,500,500,500,0.00,0.000%,1.23609,0.80,0.72,663.0
USERS_TR_LOGOUTUSER - 88,1,1556,1556,1556,0.00,100.000%,.53792,0.35,0.31,674.0
USERS_TR_LOGOUTUSER - 77,1,812,812,812,0.00,0.000%,.89847,0.58,0.52,663.0
USERS_TR_LOGOUTUSER - 87,1,487,487,487,0.00,0.000%,1.25628,0.81,0.73,663.0
USERS_TR_DELETEUSER - 61,1,794,794,794,0.00,0.000%,1.25945,0.82,0.79,663.0
USERS_TR_DELETEUSER - 21,1,804,804,804,0.00,0.000%,1.24378,0.81,0.78,663.0
USERS_TR_LOGOUTUSER - 69,1,1786,1786,1786,0.00,100.000%,.47824,0.31,0.28,674.0
USERS_TR_LOGOUTUSER - 97,1,486,486,486,0.00,0.000%,1.25786,0.81,0.73,663.0
USERS_TR_DELETEUSER - 51,1,1463,1463,1463,0.00,0.000%,.68353,0.44,0.43,655.0
USERS_TR_LOGINUSER - 92,1,1104,1104,1104,0.00,100.000%,.90253,0.59,0.40,673.0
USERS_TR_LOGOUTUSER - 83,1,486,486,486,0.00,0.000%,1.25313,0.81,0.73,663.0
USERS_TR_DELETEUSER - 30,1,798,798,798,0.00,0.000%,1.25313,0.81,0.79,663.0
USERS_TR_LOGOUTUSER - 76,1,486,486,486,0.00,0.000%,1.25156,0.81,0.72,663.0
USERS_TR_DELETEUSER - 47,1,803,803,803,0.00,0.000%,1.24533,0.81,0.78,663.0
USERS_TR_LOGINUSER - 75,1,1944,1944,1944,0.00,0.000%,.51177,0.63,0.23,1258.0
USERS_TR_LOGINUSER - 80,1,2053,2053,2053,0.00,100.000%,.48309,0.31,0.22,665.0
USERS_TR_DELETEUSER - 70,1,1464,1464,1464,0.00,0.000%,.68259,0.44,0.43,655.0
USERS_TR_LOGOUTUSER - 72,1,1538,1538,1538,0.00,100.000%,.54083,0.36,0.31,674.0
USERS_TR_DELETEUSER - 60,1,1485,1485,1485,0.00,0.000%,.67340,0.43,0.42,655.0
USERS_TR_LOGOUTUSER - 91,1,1570,1570,1570,0.00,100.000%,.53390,0.35,0.31,674.0
USERS_TR_LOGOUTUSER - 81,1,1570,1570,1570,0.00,100.000%,.53419,0.35,0.31,674.0
USERS_TR_DELETEUSER - 50,1,1107,1107,1107,0.00,0.000%,.90334,0.58,0.57,663.0
USERS_TR_DELETEUSER - 55,1,802,802,802,0.00,0.000%,1.24688,0.81,0.78,663.0
USERS_TR_LOGOUTUSER - 78,1,484,484,484,0.00,0.000%,1.25471,0.81,0.73,663.0
USERS_TR_DELETEUSER - 52,1,799,799,799,0.00,0.000%,1.24688,0.81,0.78,663.0
USERS_TR_DELETEUSER - 71,1,797,797,797,0.00,0.000%,1.25000,0.81,0.78,663.0
USERS_TR_DELETEUSER - 44,1,1486,1486,1486,0.00,0.000%,.67295,0.43,0.42,655.0
USERS_TR_LOGOUTUSER - 86,1,1754,1754,1754,0.00,100.000%,.48567,0.32,0.28,674.0
USERS_TR_LOGOUTUSER - 99,1,1569,1569,1569,0.00,100.000%,.53419,0.35,0.31,674.0
USERS_TR_LOGOUTUSER - 62,1,1553,1553,1553,0.00,100.000%,.53879,0.35,0.31,674.0
USERS_TR_LOGINUSER - 85,1,1942,1942,1942,0.00,100.000%,.51361,0.33,0.23,665.0
USERS_TR_LOGINUSER - 100,1,2053,2053,2053,0.00,0.000%,.48356,0.59,0.22,1259.0
USERS_TR_DELETEUSER - 45,1,1486,1486,1486,0.00,0.000%,.67295,0.43,0.42,655.0
USERS_TR_DELETEUSER - 7,1,1988,1988,1988,0.00,0.000%,.50277,0.32,0.32,655.0
USERS_TR_DELETEUSER - 31,1,2056,2056,2056,0.00,0.000%,.48638,0.31,0.30,655.0
USERS_TR_LOGOUTUSER - 49,1,1782,1782,1782,0.00,100.000%,.47824,0.31,0.28,674.0
USERS_TR_LOGINUSER - 59,1,2052,2052,2052,0.00,100.000%,.48356,0.31,0.22,665.0
USERS_TR_DELETEUSER - 43,1,2055,2055,2055,0.00,0.000%,.48614,0.31,0.30,655.0
USERS_TR_DELETEUSER - 36,1,1483,1483,1483,0.00,0.000%,.67431,0.43,0.42,655.0
USERS_TR_LOGINUSER - 94,1,2049,2049,2049,0.00,0.000%,.48638,0.60,0.22,1258.0
USERS_TR_LOGINUSER - 65,1,2064,2064,2064,0.00,100.000%,.48333,0.31,0.22,665.0
USERS_TR_LOGINUSER - 82,1,1942,1942,1942,0.00,100.000%,.51361,0.33,0.23,665.0
USERS_TR_LOGOUTUSER - 73,1,1551,1551,1551,0.00,100.000%,.53937,0.36,0.31,674.0
USERS_TR_LOGOUTUSER - 95,1,1551,1551,1551,0.00,100.000%,.53648,0.35,0.31,674.0
USERS_TR_DELETEUSER - 46,1,1869,1869,1869,0.00,0.000%,.53476,0.34,0.34,655.0
USERS_TR_LOGOUTUSER - 54,1,1783,1783,1783,0.00,0.000%,.47847,0.31,0.28,655.0
USERS_TR_LOGOUTUSER - 84,1,1567,1567,1567,0.00,100.000%,.53476,0.35,0.31,674.0
USERS_TR_LOGOUTUSER - 66,1,1567,1567,1567,0.00,100.000%,.53505,0.35,0.31,674.0
USERS_TR_LOGOUTUSER - 74,1,1643,1643,1643,0.00,100.000%,.51387,0.34,0.30,674.0
USERS_TR_DELETEUSER - 23,1,2056,2056,2056,0.00,0.000%,.48638,0.31,0.30,655.0
USERS_TR_DELETEUSER - 15,1,2055,2055,2055,0.00,0.000%,.48638,0.31,0.30,655.0
USERS_TR_LOGOUTUSER - 41,1,1751,1751,1751,0.00,100.000%,.48662,0.32,0.28,674.0
USERS_TR_LOGOUTUSER - 63,1,1534,1534,1534,0.00,100.000%,.54201,0.36,0.31,674.0
USERS_TR_LOGOUTUSER - 58,1,1803,1803,1803,0.00,100.000%,.47506,0.31,0.28,674.0
USERS_TR_DELETEUSER - 90,1,306,306,306,0.00,0.000%,3.26797,2.12,2.05,663.0
USERS_TR_DELETEUSER - 93,1,306,306,306,0.00,0.000%,3.26797,2.12,2.05,663.0
USERS_TR_DELETEUSER - 68,1,309,309,309,0.00,0.000%,3.21543,2.08,2.02,663.0
USERS_TR_LOGOUTUSER - 80,1,370,370,370,0.00,100.000%,1.46628,1.14,0.64,795.0
USERS_TR_LOGOUTUSER - 65,1,370,370,370,0.00,100.000%,1.47710,1.15,0.64,795.0
USERS_TR_LOGOUTUSER - 59,1,371,371,371,0.00,100.000%,1.47275,1.14,0.64,795.0
USERS_TR_LOGOUTUSER - 82,1,371,371,371,0.00,100.000%,1.47493,1.15,0.64,795.0
USERS_TR_LOGOUTUSER - 92,1,370,370,370,0.00,100.000%,1.46199,1.14,0.63,795.0
USERS_TR_LOGOUTUSER - 85,1,371,371,371,0.00,100.000%,1.47059,1.14,0.64,795.0
USERS_TR_DELETEUSER - 64,1,854,854,854,0.00,0.000%,1.17096,0.76,0.73,663.0
USERS_TR_DELETEUSER - 72,1,863,863,863,0.00,0.000%,1.15875,0.75,0.73,663.0
USERS_TR_DELETEUSER - 73,1,858,858,858,0.00,0.000%,1.16550,0.75,0.73,663.0
USERS_TR_DELETEUSER - 88,1,866,866,866,0.00,0.000%,1.15473,0.75,0.72,663.0
USERS_TR_DELETEUSER - 67,1,867,867,867,0.00,0.000%,1.15340,0.75,0.72,663.0
USERS_TR_DELETEUSER - 62,1,860,860,860,0.00,0.000%,1.16279,0.75,0.73,663.0
USERS_TR_DELETEUSER - 99,1,861,861,861,0.00,0.000%,1.16144,0.75,0.73,663.0
USERS_TR_DELETEUSER - 91,1,863,863,863,0.00,0.000%,1.15875,0.75,0.73,663.0
USERS_TR_DELETEUSER - 83,1,866,866,866,0.00,0.000%,1.15473,0.75,0.72,663.0
USERS_TR_DELETEUSER - 69,1,873,873,873,0.00,0.000%,1.14416,0.74,0.72,663.0
USERS_TR_DELETEUSER - 76,1,871,871,871,0.00,0.000%,1.14679,0.74,0.72,663.0
USERS_TR_DELETEUSER - 97,1,873,873,873,0.00,0.000%,1.14548,0.74,0.72,663.0
USERS_TR_DELETEUSER - 87,1,867,867,867,0.00,0.000%,1.13895,0.74,0.71,663.0
USERS_TR_DELETEUSER - 74,1,867,867,867,0.00,0.000%,1.15207,0.75,0.72,663.0
USERS_TR_DELETEUSER - 96,1,878,878,878,0.00,0.000%,1.13895,0.74,0.71,663.0
USERS_TR_DELETEUSER - 86,1,872,872,872,0.00,0.000%,1.14548,0.74,0.72,663.0
USERS_TR_DELETEUSER - 81,1,873,873,873,0.00,0.000%,1.14416,0.74,0.72,663.0
USERS_TR_LOGOUTUSER - 94,1,565,565,565,0.00,100.000%,1.14811,0.89,0.66,795.0
USERS_TR_DELETEUSER - 95,1,871,871,871,0.00,0.000%,1.14679,0.74,0.72,663.0
USERS_TR_DELETEUSER - 77,1,880,880,880,0.00,0.000%,1.13636,0.74,0.71,663.0
USERS_TR_DELETEUSER - 63,1,869,869,869,0.00,0.000%,1.15075,0.75,0.72,663.0
USERS_TR_DELETEUSER - 98,1,882,882,882,0.00,0.000%,1.13379,0.73,0.71,663.0
USERS_TR_DELETEUSER - 58,1,874,874,874,0.00,0.000%,1.14416,0.74,0.72,663.0
USERS_TR_DELETEUSER - 54,1,876,876,876,0.00,0.000%,1.14155,0.74,0.72,663.0
USERS_TR_DELETEUSER - 49,1,879,879,879,0.00,0.000%,1.13766,0.74,0.71,663.0
USERS_TR_DELETEUSER - 41,1,875,875,875,0.00,0.000%,1.14286,0.74,0.72,663.0
USERS_TR_DELETEUSER - 66,1,876,876,876,0.00,0.000%,1.14025,0.74,0.71,663.0
USERS_TR_DELETEUSER - 84,1,877,877,877,0.00,0.000%,1.14025,0.74,0.71,663.0
USERS_TR_DELETEUSER - 78,1,882,882,882,0.00,0.000%,1.13250,0.73,0.71,663.0
USERS_TR_DELETEUSER - 79,1,889,889,889,0.00,0.000%,1.12486,0.73,0.71,663.0
USERS_TR_LOGOUTUSER - 100,1,587,587,587,0.00,0.000%,1.11732,0.72,0.65,663.0
USERS_TR_LOGOUTUSER - 75,1,586,586,586,0.00,0.000%,1.11359,0.72,0.64,663.0
USERS_TR_DELETEUSER - 65,1,331,331,331,0.00,0.000%,3.02115,1.93,1.89,655.0
USERS_TR_DELETEUSER - 85,1,325,325,325,0.00,0.000%,3.07692,1.97,1.93,655.0
USERS_TR_DELETEUSER - 92,1,325,325,325,0.00,0.000%,3.07692,1.97,1.93,655.0
USERS_TR_DELETEUSER - 80,1,325,325,325,0.00,0.000%,3.06748,1.96,1.92,655.0
USERS_TR_DELETEUSER - 82,1,324,324,324,0.00,0.000%,3.07692,1.97,1.93,655.0
USERS_TR_DELETEUSER - 59,1,325,325,325,0.00,0.000%,3.07692,1.97,1.93,655.0
USERS_TR_DELETEUSER - 75,1,336,336,336,0.00,0.000%,2.97619,1.90,1.87,655.0
USERS_TR_DELETEUSER - 100,1,336,336,336,0.00,0.000%,2.97619,1.90,1.87,655.0
USERS_TR_DELETEUSER - 94,1,358,358,358,0.00,0.000%,2.79330,1.79,1.75,655.0
TOTAL,700,1401,270,3616,608.76,17.000%,54.91919,50.43,28.02,940.3
